Direccion_id,Comuna,Direccion
0,buin,Arlington Avenue 4373
1,valparaiso,Devon Court 3282
2,san joaquin,Grand Avenue 4592
3,santiago,Essex Court 2913
4,buin,Hanover Court 3979
5,valparaiso,Laurel Lane 3292
6,arica,White Street 2449
7,arica,Rose Street 801
8,providencia,Cedar Lane 2100
9,santiago,King Street 4431
10,la serena,King Street 2722
11,la ligua,Laurel Drive 1854
12,providencia,Crescent Street 1425
13,arica,Heather Lane 2561
14,coquimbo,King Street 2468
15,san joaquin,Fairway Drive 1345
16,la ligua,Hanover Court 4980
17,san joaquin,Olive Street 75
18,santiago,King Street 1466
19,punta arenas,Broad Street 4276
20,la ligua,Martín de Solier 4598
21,la serena,Front Street North 1357
22,providencia,Summit Avenue 2151
23,buin,Broad Street 2167
24,la serena,Route 30 3391
25,santiago,Front Street North 3783
26,punta arenas,Windsor Drive 4262
27,san joaquin,White Street 1207
28,providencia,Heather Lane 1747
29,santiago,Ann Street 3843
30,punta arenas,River Street 1195
31,la serena,White Street 744
32,coquimbo,Orchard Avenue 1304
33,arica,Briarwood Drive 3071
34,providencia,Broad Street 1869
35,punta arenas,Williams Street 3205
36,san joaquin,Woodland Drive 3560
37,providencia,Cottage Street 2329
38,santiago,Maiden Lane 4811
39,arica,Heather Lane 2758
40,coquimbo,Broad Street 1159
41,santiago,Maiden Lane 1464
42,buin,Warren Avenue 323
43,providencia,Cottage Street 2598
44,santiago,River Street 3210
45,santiago,Country Club Road 4213
46,la serena,Av. San Pablo 6190
47,punta arenas,Madison Avenue 4519
48,buin,Pleasant Street 3809
49,arica,Av. Santa Rosa 8914
50,buin,Summit Avenue 1417
51,punta arenas,Ann Street 3299
52,arica,Warren Avenue 654
53,valparaiso,Front Street North 2093
54,coquimbo,Garfield Avenue 4144
55,providencia,Cedar Avenue 2199
56,la serena,Olive Street 3781
57,valparaiso,Broad Street 3096
58,la serena,Crescent Street 3474
59,arica,Olive Street 3470
60,valparaiso,Hanover Court 2620
61,providencia,Pleasant Street 2089
62,punta arenas,Grand Avenue 3236
63,arica,Clay Street 3396
64,punta arenas,Windsor Drive 415
65,buin,Monroe Street 2011
66,la ligua,Cedar Avenue 3816
67,providencia,Atlantic Avenue 3657
68,la serena,John Street 2804
69,la serena,Carlos Dittborn 733
70,buin,Main Street 207
71,providencia,Rose Street 4552
72,coquimbo,Grand Avenue 2209
73,coquimbo,White Street 3347
74,punta arenas,Windsor Drive 212
75,coquimbo,Madison Avenue 977
76,la serena,Charles Street 1832
77,santiago,Hanover Court 4370
78,arica,Summit Avenue 1846
79,buin,Arlington Avenue 1291
80,santiago,Woodland Drive 3788
81,providencia,Heather Lane 4358
82,valparaiso,Summit Avenue 3284
83,buin,Route 30 786
84,la ligua,Fairway Drive 4660
85,santiago,Route 30 4066
86,la serena,Jefferson Avenue 3041
87,san joaquin,Route 1 3135
88,santiago,Main Street 3682
89,providencia,Highland Drive 4146
90,arica,Route 1 874
91,santiago,Route 30 67
92,santiago,Woodland Drive 2853
93,santiago,Route 30 245
94,la serena,River Street 604
95,valparaiso,Arlington Avenue 1366
96,la ligua,Devon Court 3672
97,la serena,Broad Street 295
98,san joaquin,Woodland Drive 1518
99,buin,Maiden Lane 3721
100,arica,Garfield Avenue 2603
101,punta arenas,Forest Street 2952
102,santiago,Williams Street 3510
103,buin,Route 30 1592
104,punta arenas,Broad Street 2529
105,punta arenas,Briarwood Drive 3382
106,santiago,Essex Court 1867
107,buin,John Street 2613
108,punta arenas,Warren Avenue 2893
109,coquimbo,Route 1 3200
110,coquimbo,Charles Street 1972
111,valparaiso,Briarwood Drive 878
112,buin,John Street 3064
113,coquimbo,Franklin Court 3459
114,providencia,Charles Street 2276
115,la ligua,Toesca 1635
116,la ligua,Av. Libertador Bernardo O`Higgins 1774
117,buin,Linden Avenue 2922
118,buin,Court Street 3348
119,providencia,Heather Lane 619
120,arica,Andover Court 1178
121,buin,Highland Drive 3387
122,la ligua,Andover Court 647
123,la serena,Woodland Drive 3813
124,coquimbo,Maiden Lane 1986
125,buin,Cedar Lane 71
126,santiago,Highland Drive 950
127,la ligua,Cottage Street 3351
128,coquimbo,Windsor Drive 670
129,buin,Clay Street 2540
130,providencia,Av. Santa Rosa 2374
131,la ligua,Charles Street 983
132,arica,Laurel Lane 4090
133,providencia,Heather Lane 2100
134,santiago,Andover Court 4045
135,san joaquin,Charles Street 3434
136,arica,Monroe Street 3788
137,punta arenas,Essex Court 4589
138,coquimbo,King Street 1025
139,la ligua,Rose Street 2454
140,buin,Clay Street 2957
141,san joaquin,Madison Avenue 3001
142,valparaiso,Clay Street 3319
143,providencia,Arlington Avenue 268
144,santiago,Monroe Street 837
145,la serena,River Street 4818
146,providencia,Mosqueto 515
147,buin,Ann Street 3244
148,arica,Laurel Drive 3088
149,coquimbo,Grand Avenue 4767
150,valparaiso,Olive Street 3043
151,coquimbo,King Street 3890
152,santiago,Devon Court 1310
153,buin,Grand Avenue 1522
154,santiago,Fairway Drive 2033
155,punta arenas,Broad Street 1315
156,la serena,Olive Street 4029
157,la ligua,Summit Avenue 3326
158,valparaiso,Atlantic Avenue 1604
159,la ligua,Monroe Street 4067
160,valparaiso,Avda. Concha y Toro 3999
161,santiago,Cottage Street 2258
162,san joaquin,River Street 1264
163,buin,Monroe Street 722
164,coquimbo,Grand Avenue 934
165,san joaquin,Pleasant Street 336
166,la ligua,River Street 3120
167,buin,Crescent Street 1316
168,arica,Main Street 115
169,providencia,Heather Lane 4463
170,santiago,Main Street 3792
171,la ligua,Woodland Drive 1057
172,santiago,Crescent Street 4607
173,valparaiso,Franklin Court 3949
174,la serena,John Street 2386
175,valparaiso,Essex Court 4227
176,providencia,Essex Court 2063
177,la ligua,Windsor Drive 1335
178,arica,Williams Street 968
179,punta arenas,White Street 4315
180,arica,Pleasant Street 373
181,santiago,Monroe Street 1385
182,arica,Willow Avenue 4808
183,coquimbo,Cedar Lane 561
184,san joaquin,Highland Drive 886
185,providencia,Charles Street 2796
186,san joaquin,Grand Avenue 2643
187,valparaiso,Rose Street 405
188,san joaquin,Monroe Street 799
189,santiago,Grand Avenue 1590
190,buin,Woodland Drive 3915
191,arica,Linden Avenue 1271
192,la ligua,Court Street 632
193,coquimbo,Ann Street 1799
194,la serena,Main Street 1289
195,providencia,Av. Departamental 1901
196,la ligua,White Street 2213
197,arica,Clay Street 422
198,buin,Av. Gral. Bonilla 8220
199,santiago,Av. Tobalaba 117
200,la serena,Gran Avenida José Miguel Carrera 8870
201,buin,Clay Street 1372
202,san joaquin,White Street 1015
203,valparaiso,Devon Court 2205
204,punta arenas,Franklin Avenue 2649
205,punta arenas,Arlington Avenue 4816
206,santiago,Devon Court 3528
207,san joaquin,Clay Street 818
208,arica,Front Street North 632
209,san joaquin,Essex Court 2503
210,buin,Placer 1310
211,coquimbo,Route 1 2885
212,arica,Windsor Drive 527
213,la serena,Court Street 2153
214,punta arenas,Arlington Avenue 2472
215,san joaquin,Franklin Avenue 4601
216,santiago,Court Street 3757
217,la serena,Laurel Drive 3282
218,buin,Front Street North 2994
219,santiago,John Street 2441
220,la serena,Av. Recoleta 1502
221,la ligua,Linden Avenue 2619
222,santiago,Highland Drive 2644
223,san joaquin,Country Club Road 841
224,la serena,Crescent Street 3505
225,la ligua,Willow Avenue 4908
226,providencia,Atlantic Avenue 2281
227,san joaquin,Cedar Avenue 1037
228,la ligua,Devon Court 3201
229,santiago,Ann Street 4403
230,la serena,River Street 1089
231,la serena,Jefferson Avenue 4092
232,valparaiso,Cottage Street 4390
233,punta arenas,Av. Grecia 2298
234,san joaquin,Crescent Street 4239
235,san joaquin,Highland Drive 4991
236,santiago,Route 30 2378
237,arica,Summit Avenue 628
238,santiago,Av. Irarrázaval 2461
239,valparaiso,Av. Neptuno Oriente frente al 260
240,buin,River Street 737
241,la ligua,Monroe Street 2206
242,buin,Olive Street 836
243,valparaiso,Woodland Drive 1189
244,santiago,Hanover Court 233
245,la ligua,John Street 2175
246,la ligua,Laurel Lane 1405
247,arica,Country Club Road 1963
248,san joaquin,Highland Drive 3514
249,providencia,Essex Court 2441
250,arica,Charles Street 3718
251,la serena,Madison Avenue 139
252,buin,Warren Avenue 1987
253,santiago,Main Street 2640
254,coquimbo,Highland Drive 4013
255,arica,Clay Street 4052
256,san joaquin,Woodland Drive 2515
257,arica,White Street 590
258,coquimbo,Highland Drive 278
259,punta arenas,Pleasant Street 3100
260,buin,Cedar Lane 3546
261,la serena,Av. Ricardo Cumming 502
262,valparaiso,Laurel Lane 185
263,santiago,Warren Avenue 295
264,punta arenas,Laurel Lane 2035
265,providencia,Arlington Avenue 668
266,coquimbo,Forest Street 230
267,coquimbo,Clay Street 3322
268,providencia,Av. Apoquindo 8613
269,coquimbo,Arlington Avenue 4121
270,san joaquin,Monroe Street 1078
271,san joaquin,Briarwood Drive 3577
272,valparaiso,Summit Avenue 226
273,arica,Maiden Lane 4538
274,arica,Orchard Avenue 229
275,la serena,Crescent Street 108
276,la serena,Clay Street 750
277,la ligua,Clay Street 871
278,la serena,John Street 1387
279,santiago,Country Club Road 3620
280,providencia,Ann Street 3226
281,la serena,John Street 3146
282,san joaquin,Pleasant Street 4409
283,punta arenas,Front Street North 869
284,la ligua,Warren Avenue 4563
285,providencia,Crescent Street 822
286,san joaquin,Laurel Drive 2916
287,valparaiso,Grand Avenue 1962
288,coquimbo,Charles Street 2985
289,la ligua,Fairway Drive 3925
290,arica,Atlantic Avenue 3142
291,coquimbo,Laurel Drive 149
292,san joaquin,Olive Street 4150
293,la serena,Franklin Avenue 1160
294,valparaiso,Country Club Road 4834
295,providencia,King Street 2448
296,providencia,Cottage Street 158
297,providencia,Hanover Court 967
298,arica,Grand Avenue 2112
299,punta arenas,Cottage Street 2289
300,la serena,Woodland Drive 59
301,providencia,Orchard Avenue 3603
302,san joaquin,Laurel Lane 4391
303,la serena,Broad Street 3333
304,santiago,Monroe Street 4619
305,santiago,Fairway Drive 4222
306,santiago,Forest Street 2442
307,la ligua,Charles Street 1602
308,buin,Atlantic Avenue 4105
309,valparaiso,Route 1 2262
310,punta arenas,Av. Nueva Providencia 2249
311,coquimbo,Maiden Lane 1589
312,providencia,Willow Avenue 483
313,la serena,River Street 4457
314,santiago,Cottage Street 2707
315,providencia,Laurel Lane 2762
316,valparaiso,Orchard Avenue 376
317,punta arenas,Orchard Avenue 3076
318,santiago,Williams Street 2395
319,san joaquin,Highland Drive 3472
320,coquimbo,Linden Avenue 4404
321,valparaiso,Main Street 2560
322,coquimbo,White Street 4278
323,coquimbo,Fairway Drive 1177
324,san joaquin,Rose Street 3186
325,coquimbo,Summit Avenue 3228
326,arica,Madison Avenue 3309
327,punta arenas,Olive Street 2800
328,valparaiso,Atlantic Avenue 2134
329,punta arenas,Main Street 1443
330,providencia,Highland Drive 4637
331,arica,Route 1 2935
332,arica,Franklin Court 4817
333,coquimbo,Las Bellotas 200
334,la serena,River Street 2083
335,arica,Hanover Court 4895
336,coquimbo,Route 1 4790
337,la serena,Pleasant Street 3593
338,la serena,Clay Street 576
339,buin,White Street 2184
340,providencia,Olive Street 4525
341,la ligua,King Street 3741
342,coquimbo,Cedar Avenue 4441
343,valparaiso,Jefferson Avenue 3742
344,la serena,Briarwood Drive 3263
345,providencia,Broad Street 1655
346,santiago,White Street 3799
347,punta arenas,Willow Avenue 4570
348,la ligua,Devon Court 4768
349,valparaiso,Heather Lane 2710
350,santiago,Rose Street 4896
351,la ligua,Andover Court 3454
352,coquimbo,Devon Court 2680
353,la serena,Jefferson Avenue 3341
354,santiago,Essex Court 4795
355,punta arenas,Madison Avenue 70
356,providencia,Devon Court 2297
357,la serena,Clay Street 2428
358,la serena,Front Street North 137
359,providencia,Atlantic Avenue 4489
360,santiago,Clay Street 2767
361,la ligua,Garfield Avenue 2017
362,santiago,Front Street North 1809
363,arica,Forest Street 2768
364,providencia,Court Street 2180
365,coquimbo,Main Street 4571
366,arica,Court Street 4965
367,coquimbo,River Street 2671
368,valparaiso,White Street 2317
369,arica,Grand Avenue 1748
370,buin,Country Club Road 4157
371,arica,Clay Street 227
372,arica,Main Street 2485
373,coquimbo,Heather Lane 1991
374,providencia,Laurel Drive 3156
375,coquimbo,Andover Court 3651
376,providencia,Laurel Lane 3861
377,buin,River Street 4029
378,la serena,Franklin Court 1511
379,la serena,Charles Street 4929
380,la serena,Andover Court 1355
381,providencia,Warren Avenue 146
382,providencia,Clay Street 2293
383,providencia,Franklin Avenue 4036
384,la ligua,Cedar Lane 347
385,la ligua,Essex Court 2721
386,buin,Windsor Drive 2846
387,la ligua,Court Street 2044
388,la serena,Francisco Bilbao 3785
389,providencia,Laurel Drive 660
390,buin,Atlantic Avenue 2932
391,santiago,Grand Avenue 1516
392,la ligua,Essex Court 3391
393,punta arenas,Cedar Avenue 3394
394,la serena,Linden Avenue 2662
395,la ligua,John Street 4672
396,coquimbo,Andover Court 2773
397,la ligua,Atlantic Avenue 3806
398,san joaquin,General Mackenna 1100
399,buin,Cottage Street 2531
400,punta arenas,Essex Court 2701
401,san joaquin,River Street 746
402,coquimbo,Country Club Road 4542
403,coquimbo,Garfield Avenue 885
404,santiago,Warren Avenue 307
405,la serena,John Street 4289
406,valparaiso,Jefferson Avenue 3432
407,coquimbo,Linden Avenue 4803
408,valparaiso,Fairway Drive 4281
409,san joaquin,Ann Street 2519
410,la ligua,Atlantic Avenue 1956
411,la serena,Andover Court 2409
412,la ligua,Charles Street 1899
413,la serena,Devon Court 3671
414,san joaquin,Orchard Avenue 1593
415,la serena,Cedar Avenue 85
416,providencia,River Street 3285
417,buin,Av. Irarrazaval 351
418,arica,Franklin Avenue 1401
419,arica,Essex Court 417
420,coquimbo,River Street 1019
421,coquimbo,Grand Avenue 1516
422,arica,Fairway Drive 3306
423,la ligua,Forest Street 2220
424,buin,White Street 860
425,arica,Highland Drive 2701
426,san joaquin,Broad Street 3797
427,san joaquin,Garfield Avenue 3781
428,la serena,Heather Lane 3233
429,la serena,Orchard Avenue 2495
430,providencia,Ann Street 1084
431,san joaquin,Arlington Avenue 109
432,buin,Ann Street 829
433,la serena,Madison Avenue 4799
434,la serena,Orchard Avenue 4597
435,buin,Cedar Lane 4637
436,la serena,Willow Avenue 2640
437,punta arenas,Williams Street 652
438,coquimbo,Highland Drive 3737
439,providencia,Av. General Bonilla 5900
440,punta arenas,Av. General Rondizzoni 1650
441,valparaiso,River Street 2787
442,santiago,Cedar Avenue 202
443,coquimbo,Carlos Dittborn 300
444,valparaiso,Hanover Court 4199
445,punta arenas,Ann Street 2635
446,la serena,Charles Street 1043
447,san joaquin,Country Club Road 536
448,la ligua,Rose Street 2406
449,la ligua,Willow Avenue 1545
450,valparaiso,River Street 497
451,coquimbo,Andover Court 3074
452,arica,Forest Street 3040
453,punta arenas,Front Street North 3343
454,coquimbo,Franklin Avenue 980
455,arica,River Street 3296
456,providencia,River Street 4882
457,arica,Cottage Street 3812
458,arica,Front Street North 3947
459,la ligua,Windsor Drive 1475
460,santiago,Cedar Lane 315
461,arica,Court Street 3062
462,providencia,Andover Court 2810
463,santiago,Briarwood Drive 2832
464,punta arenas,Williams Street 2650
465,valparaiso,Devon Court 1840
466,valparaiso,Briarwood Drive 1647
467,punta arenas,Route 30 2029
468,valparaiso,Devon Court 3929
469,valparaiso,Linden Avenue 2658
470,coquimbo,Front Street North 2135
471,la ligua,Maiden Lane 3377
472,buin,King Street 2313
473,buin,Charles Street 2971
474,providencia,Briarwood Drive 780
475,la serena,Arlington Avenue 2908
476,la ligua,Williams Street 3445
477,la ligua,Maiden Lane 152
478,buin,Laurel Drive 3477
479,punta arenas,Woodland Drive 3918
480,coquimbo,Garfield Avenue 3840
481,valparaiso,Atlantic Avenue 3909
482,santiago,Essex Court 773
483,la ligua,Laurel Lane 3130
484,punta arenas,Windsor Drive 2832
485,valparaiso,Williams Street 2863
486,san joaquin,Front Street North 2520
487,punta arenas,Hanover Court 545
488,valparaiso,Forest Street 384
489,buin,Front Street North 392
490,providencia,Maiden Lane 3658
491,la serena,Grand Avenue 4437
492,coquimbo,Crescent Street 4274
493,buin,Avda. Pajaritos 5090
494,santiago,Jefferson Avenue 495
495,providencia,Route 1 443
496,coquimbo,Madison Avenue 4835
497,providencia,Av. Vicuña Mackenna 7897
498,la ligua,Main Street 3075
499,buin,Route 30 2227
500,san joaquin,Cedar Lane 3035
501,arica,Gran Avenida José Miguel Carrera 8870
502,la ligua,Jefferson Avenue 1493
503,la serena,Highland Drive 4275
504,santiago,Pleasant Street 3468
505,arica,Heather Lane 1081
506,la ligua,Franklin Avenue 4858
507,valparaiso,Williams Street 4341
508,arica,Windsor Drive 3581
509,buin,Main Street 1587
510,providencia,Broad Street 1832
511,arica,Grand Avenue 4640
512,santiago,Atlantic Avenue 4686
513,santiago,Av. Providencia 011
514,providencia,Clay Street 250
515,valparaiso,Devon Court 537
516,arica,Route 30 4375
517,santiago,Olive Street 2656
518,valparaiso,Olive Street 4288
519,santiago,Garfield Avenue 656
520,santiago,Clay Street 134
521,arica,Jefferson Avenue 540
522,santiago,Broad Street 987
523,santiago,Country Club Road 2062
524,valparaiso,Highland Drive 2965
525,coquimbo,Grand Avenue 3033
526,valparaiso,Highland Drive 4325
527,la ligua,Jefferson Avenue 3467
528,santiago,Laurel Lane 4602
529,arica,Willow Avenue 4483
530,santiago,Av. Carlos Valdovinos 3346
531,punta arenas,Fairway Drive 4498
532,la serena,Laurel Lane 2512
533,la ligua,John Street 4729
534,la serena,Charles Street 4082
535,arica,Devon Court 486
536,santiago,Country Club Road 1654
537,la ligua,Grand Avenue 309
538,coquimbo,Country Club Road 730
539,punta arenas,Cedar Avenue 532
540,arica,Warren Avenue 2279
541,arica,Av. Teniente Cruz 800
542,coquimbo,Garfield Avenue 2452
543,santiago,Crescent Street 4981
544,la serena,Route 1 4882
545,santiago,King Street 3801
546,la serena,Warren Avenue 4549
547,santiago,Catedral 1512
548,arica,Ann Street 2364
549,arica,Orchard Avenue 2312
550,arica,Grand Avenue 2551
551,punta arenas,Summit Avenue 3160
552,coquimbo,Forest Street 4752
553,la serena,Arlington Avenue 831
554,coquimbo,Av. Recoleta 3202
555,santiago,Av. Apoquindo 7095
556,buin,Williams Street 3024
557,la serena,Madison Avenue 230
558,buin,Hanover Court 978
559,punta arenas,John Street 1867
560,buin,Main Street 2504
561,valparaiso,Av. Pedro de Valdivia 1664
562,coquimbo,Cedar Lane 3545
563,buin,Olive Street 652
564,la serena,Charles Street 4347
565,santiago,Andover Court 3766
566,punta arenas,Eliodoro Yañez 2987
567,buin,Crescent Street 3697
568,valparaiso,Heather Lane 1013
569,la serena,Hanover Court 2373
570,san joaquin,Franklin Avenue 3996
571,santiago,Hanover Court 4550
572,valparaiso,Maiden Lane 2307
573,la serena,Cottage Street 866
574,punta arenas,Ann Street 1662
575,la ligua,Court Street 3925
576,punta arenas,Pleasant Street 4994
577,coquimbo,Franklin Court 3064
578,punta arenas,Franklin Avenue 2321
579,valparaiso,Maiden Lane 704
580,santiago,Andover Court 2023
581,providencia,Cedar Lane 3237
582,providencia,White Street 834
583,la serena,King Street 1142
584,la serena,Grand Avenue 2077
585,valparaiso,Laurel Drive 3276
586,punta arenas,Route 30 3527
587,valparaiso,Devon Court 267
588,coquimbo,Briarwood Drive 4966
589,providencia,Atlantic Avenue 2542
590,la serena,Willow Avenue 2535
591,punta arenas,Ann Street 589
592,punta arenas,Orchard Avenue 1902
593,arica,John Street 835
594,arica,Arlington Avenue 4972
595,san joaquin,Highland Drive 1008
596,la serena,Ann Street 4222
597,valparaiso,Laurel Lane 384
598,valparaiso,Highland Drive 4538
599,punta arenas,Madison Avenue 768
600,coquimbo,John Street 2589
601,la serena,Atlantic Avenue 565
602,la serena,Monroe Street 3763
603,providencia,John Street 1113
604,valparaiso,Broad Street 2166
605,arica,Arlington Avenue 2379
606,buin,River Street 2143
607,la ligua,Essex Court 332
608,santiago,Hanover Court 4686
609,valparaiso,Rose Street 669
610,santiago,Charles Street 2233
611,santiago,Atlantic Avenue 3689
612,arica,Briarwood Drive 4395
613,san joaquin,Linden Avenue 1294
614,buin,Cedar Lane 3337
615,arica,John Street 2805
616,la serena,Williams Street 661
617,santiago,Rose Street 3548
618,valparaiso,Maiden Lane 584
619,la ligua,Maiden Lane 3734
620,coquimbo,Country Club Road 1660
621,la serena,Woodland Drive 3706
622,santiago,Av. San Pablo 6190
623,providencia,Charles Street 2242
624,providencia,River Street 682
625,la ligua,Franklin Court 4591
626,arica,Crescent Street 1888
627,coquimbo,Heather Lane 744
628,san joaquin,Rose Street 1162
629,buin,King Street 4861
630,buin,Crescent Street 2796
631,valparaiso,Franklin Avenue 2144
632,providencia,Linden Avenue 1131
633,la ligua,River Street 4089
634,providencia,Route 30 4475
635,coquimbo,Jefferson Avenue 1271
636,buin,Atlantic Avenue 4905
637,la ligua,Franklin Court 514
638,arica,Country Club Road 890
639,punta arenas,Willow Avenue 1246
640,coquimbo,King Street 3451
641,santiago,Devon Court 2571
642,la serena,Garfield Avenue 1232
643,valparaiso,Route 30 1184
644,valparaiso,Route 1 1200
645,la ligua,Hanover Court 264
646,arica,Laurel Lane 2040
647,valparaiso,Franklin Court 1713
648,providencia,Main Street 2736
649,la ligua,Franklin Court 1370
650,providencia,Pleasant Street 665
651,santiago,Franklin Avenue 1230
652,santiago,Essex Court 1003
653,santiago,Highland Drive 3424
654,arica,Pleasant Street 863
655,santiago,Cedar Avenue 1075
656,coquimbo,Orchard Avenue 3302
657,buin,Court Street 1293
658,la ligua,Broad Street 787
659,san joaquin,Grand Avenue 1541
660,la ligua,Ann Street 389
661,la ligua,Highland Drive 1885
662,arica,King Street 482
663,providencia,Front Street North 4949
664,providencia,Orchard Avenue 2765
665,santiago,Pleasant Street 3645
666,arica,Orchard Avenue 447
667,arica,Jefferson Avenue 96
668,buin,White Street 3589
669,coquimbo,Country Club Road 4784
670,la serena,Forest Street 657
671,arica,Court Street 1927
672,arica,Devon Court 627
673,providencia,River Street 2804
674,buin,Monroe Street 4545
675,buin,Franklin Avenue 2101
676,buin,Maiden Lane 441
677,buin,Heather Lane 490
678,valparaiso,River Street 4789
679,buin,Route 30 2754
680,santiago,Warren Avenue 4339
681,santiago,Willow Avenue 421
682,valparaiso,Ann Street 4310
683,la ligua,Madison Avenue 1078
684,arica,Broad Street 3091
685,arica,Cottage Street 972
686,arica,Hanover Court 2200
687,buin,Cottage Street 2304
688,la serena,Williams Street 3223
689,la ligua,Willow Avenue 227
690,santiago,King Street 3020
691,la ligua,Summit Avenue 4735
692,arica,Cedar Lane 904
693,san joaquin,Jefferson Avenue 4153
694,coquimbo,Atlantic Avenue 2163
695,santiago,Main Street 214
696,san joaquin,Grand Avenue 4477
697,buin,Franklin Avenue 4126
698,coquimbo,Willow Avenue 2889
699,la serena,River Street 3781
700,la serena,Clay Street 4751
701,providencia,Maiden Lane 1583
702,punta arenas,Garfield Avenue 4720
703,la serena,Rose Street 4188
704,punta arenas,Laurel Lane 3441
705,buin,John Street 1789
706,buin,Woodland Drive 775
707,la serena,River Street 3581
708,buin,Orchard Avenue 2077
709,buin,Route 1 2027
710,la serena,Orchard Avenue 4853
711,coquimbo,Main Street 3605
712,arica,Country Club Road 3557
713,san joaquin,Clay Street 3178
714,santiago,Court Street 1500
715,coquimbo,Linden Avenue 2525
716,arica,Clay Street 3713
717,arica,Grand Avenue 2550
718,santiago,Windsor Drive 987
719,san joaquin,King Street 3130
720,punta arenas,Ann Street 640
721,arica,Front Street North 4784
722,arica,Linden Avenue 2700
723,la serena,Devon Court 1747
724,providencia,Briarwood Drive 2036
725,buin,Andover Court 1601
726,providencia,Woodland Drive 3138
727,buin,Pleasant Street 2789
728,la ligua,Cottage Street 3751
729,la serena,Franklin Avenue 3200
730,la serena,Andover Court 519
731,providencia,Windsor Drive 2400
732,valparaiso,Hanover Court 1001
733,arica,White Street 735
734,buin,Clay Street 895
735,providencia,Orchard Avenue 87
736,la ligua,Arlington Avenue 325
737,providencia,Atlantic Avenue 4736
738,punta arenas,Laurel Drive 738
739,coquimbo,Atlantic Avenue 1529
740,punta arenas,Main Street 2068
741,arica,Clay Street 4552
742,la ligua,Summit Avenue 1949
743,la serena,John Street 2411
744,santiago,Crescent Street 1818
745,santiago,Franklin Avenue 2768
746,la ligua,Woodland Drive 3484
747,providencia,Av. Américo Vespucio Frente al 7340
748,santiago,Heather Lane 251
749,coquimbo,Franklin Court 3590
750,coquimbo,Orchard Avenue 2674
751,providencia,Front Street North 1244
752,providencia,Arlington Avenue 4835
753,santiago,Williams Street 4508
754,coquimbo,White Street 2344
755,coquimbo,Monroe Street 3881
756,buin,John Street 4986
757,buin,Route 30 1523
758,la serena,Orchard Avenue 1202
759,santiago,Forest Street 2493
760,la ligua,Olive Street 3114
761,la serena,White Street 343
762,arica,Pleasant Street 2522
763,la serena,Linden Avenue 136
764,punta arenas,Olive Street 4663
765,la serena,Route 30 2876
766,valparaiso,Forest Street 4452
767,san joaquin,Cottage Street 4941
768,valparaiso,Heather Lane 4365
769,valparaiso,Hanover Court 3048
770,la ligua,King Street 2163
771,arica,River Street 902
772,providencia,Monroe Street 4209
773,providencia,Rose Street 3267
774,punta arenas,Country Club Road 3172
775,san joaquin,Ann Street 1441
776,la serena,Catedral 3336
777,buin,Franklin Avenue 1230
778,san joaquin,21 de Mayo 543
779,san joaquin,Court Street 3427
780,san joaquin,Route 1 3173
781,la serena,Williams Street 317
782,la ligua,Arlington Avenue 876
783,punta arenas,Summit Avenue 136
784,san joaquin,Cedar Avenue 226
785,punta arenas,Cottage Street 80
786,la ligua,Hanover Court 4193
787,santiago,Atlantic Avenue 3425
788,buin,Franklin Court 683
789,arica,Linden Avenue 3998
790,providencia,Cedar Avenue 3465
791,coquimbo,Willow Avenue 2184
792,buin,Broad Street 3821
793,buin,Madison Avenue 2422
794,valparaiso,John Street 2390
795,buin,Woodland Drive 59
796,arica,Briarwood Drive 3062
797,la ligua,Heather Lane 844
798,la serena,Court Street 782
799,valparaiso,Charles Street 3906
800,buin,Clay Street 837
801,la ligua,John Street 3479
802,arica,Ann Street 600
803,santiago,Cottage Street 3755
804,providencia,Route 1 3522
805,la serena,Franklin Court 2990
806,la serena,Highland Drive 4574
807,san joaquin,Crescent Street 2472
808,coquimbo,Maiden Lane 4676
809,valparaiso,Laurel Drive 4610
810,punta arenas,Crescent Street 2430
811,la ligua,Jefferson Avenue 3085
812,coquimbo,Grand Avenue 50
813,providencia,Ann Street 3281
814,san joaquin,Main Street 1892
815,la serena,Forest Street 4107
816,san joaquin,Charles Street 1777
817,la ligua,Summit Avenue 2923
818,punta arenas,Atlantic Avenue 1980
819,valparaiso,Woodland Drive 4124
820,santiago,Windsor Drive 954
821,la serena,Olive Street 2740
822,arica,Monroe Street 4744
823,coquimbo,Willow Avenue 1859
824,la serena,Atlantic Avenue 2423
825,arica,Arlington Avenue 3914
826,la ligua,Garfield Avenue 2780
827,buin,King Street 3002
828,arica,Briarwood Drive 1882
829,buin,Devon Court 2686
830,la serena,Maiden Lane 4448
831,san joaquin,Woodland Drive 116
832,la serena,Franklin Court 3534
833,arica,Grand Avenue 2684
834,coquimbo,Cedar Lane 1937
835,la ligua,Fairway Drive 3619
836,la serena,Andover Court 4388
837,san joaquin,Front Street North 185
838,coquimbo,Route 30 1493
839,la serena,Pleasant Street 4545
840,coquimbo,John Street 2141
841,buin,Laurel Drive 1290
842,punta arenas,Maiden Lane 3659
843,la serena,Woodland Drive 2282
844,san joaquin,Orchard Avenue 3018
845,valparaiso,Court Street 2099
846,la ligua,Briarwood Drive 4516
847,buin,Highland Drive 4678
848,la ligua,Olive Street 4254
849,coquimbo,Willow Avenue 653
850,valparaiso,Av. Providencia 1880
851,arica,Forest Street 4314
852,punta arenas,Maiden Lane 1610
853,punta arenas,Franklin Court 4846
854,santiago,Clay Street 4486
855,providencia,Willow Avenue 794
856,buin,River Street 4629
857,valparaiso,Av. Pajaritos 1921
858,valparaiso,Heather Lane 3389
859,santiago,Route 30 3987
860,providencia,Broad Street 2653
861,arica,Route 30 4341
862,santiago,Essex Court 2542
863,punta arenas,White Street 2134
864,la serena,Orchard Avenue 886
865,punta arenas,Arlington Avenue 648
866,santiago,Cottage Street 1127
867,la serena,Crescent Street 1459
868,punta arenas,Front Street North 4654
869,punta arenas,Broad Street 4726
870,punta arenas,Laurel Drive 4275
871,la ligua,Willow Avenue 4120
872,buin,Summit Avenue 3409
873,santiago,Woodland Drive 4220
874,arica,Forest Street 2303
875,la serena,Broad Street 4734
876,arica,Main Street 1737
877,valparaiso,Summit Avenue 2305
878,coquimbo,River Street 1280
879,punta arenas,Essex Court 922
880,providencia,River Street 3553
881,valparaiso,Grand Avenue 588
882,coquimbo,Charles Street 3109
883,punta arenas,Pleasant Street 2965
884,coquimbo,Linden Avenue 4782
885,santiago,Charles Street 158
886,coquimbo,Highland Drive 1691
887,santiago,John Street 3104
888,punta arenas,Front Street North 1661
889,arica,Clay Street 4849
890,san joaquin,Madison Avenue 3129
891,arica,Atlantic Avenue 2497
892,san joaquin,Laurel Lane 2704
893,santiago,Arlington Avenue 3422
894,santiago,Fairway Drive 477
895,la serena,Route 1 3324
896,la serena,Heather Lane 3873
897,arica,Clay Street 3287
898,la serena,Essex Court 2688
899,san joaquin,Fairway Drive 1668
900,la ligua,Charles Street 981
901,valparaiso,Fairway Drive 888
902,santiago,Linden Avenue 3931
903,la serena,Summit Avenue 1816
904,punta arenas,Clay Street 835
905,arica,Franklin Court 158
906,punta arenas,Clay Street 2633
907,buin,Madison Avenue 467
908,arica,Rose Street 3150
909,san joaquin,Arlington Avenue 1723
910,arica,Woodland Drive 806
911,arica,Court Street 2690
912,santiago,Fairway Drive 3846
913,la serena,Clay Street 1685
914,providencia,Laurel Lane 3419
915,coquimbo,Linden Avenue 98
916,la serena,Clay Street 3512
917,san joaquin,Pleasant Street 227
918,la serena,Grand Avenue 935
919,la ligua,Garfield Avenue 4106
920,providencia,Essex Court 103
921,santiago,Broad Street 4962
922,providencia,Williams Street 2537
923,valparaiso,Main Street 4574
924,arica,Hanover Court 3982
925,punta arenas,King Street 652
926,arica,Fairway Drive 4763
927,santiago,Highland Drive 267
928,santiago,Main Street 992
929,punta arenas,Laurel Lane 3889
930,punta arenas,Hanover Court 630
931,coquimbo,Olive Street 2061
932,la serena,Orchard Avenue 382
933,punta arenas,Willow Avenue 3865
934,providencia,Highland Drive 2749
935,providencia,Route 1 4194
936,la ligua,Essex Court 2317
937,san joaquin,Heather Lane 864
938,la ligua,Andover Court 1949
939,san joaquin,Willow Avenue 4910
940,santiago,Laurel Lane 213
941,arica,Ann Street 4048
942,punta arenas,Warren Avenue 4381
943,punta arenas,Warren Avenue 4844
944,arica,Devon Court 1001
945,providencia,Court Street 1878
946,santiago,Rose Street 4095
947,arica,Maiden Lane 2048
948,la serena,Summit Avenue 3054
949,punta arenas,Garfield Avenue 2563
950,la ligua,Franklin Court 4082
951,la serena,Fairway Drive 823
952,santiago,White Street 2547
953,la ligua,Laurel Lane 3600
954,san joaquin,Route 30 2584
955,coquimbo,Willow Avenue 4552
956,san joaquin,Summit Avenue 787
957,valparaiso,Garfield Avenue 1770
958,coquimbo,Williams Street 4489
959,punta arenas,King Street 4077
960,santiago,Highland Drive 528
961,valparaiso,Laurel Drive 1549
962,punta arenas,Madison Avenue 4442
963,arica,Rose Street 366
964,buin,Warren Avenue 4290
965,buin,Clay Street 4224
966,valparaiso,Monroe Street 3116
967,san joaquin,Route 30 740
968,santiago,Front Street North 2203
969,arica,Grand Avenue 4148
970,providencia,Cedar Lane 3033
971,valparaiso,Franklin Avenue 4485
972,santiago,Highland Drive 1326
973,san joaquin,Woodland Drive 2006
974,coquimbo,Front Street North 2918
975,coquimbo,Linden Avenue 3536
976,la serena,Summit Avenue 2386
977,providencia,Charles Street 4122
978,punta arenas,Court Street 3186
979,punta arenas,Fairway Drive 4602
980,santiago,Andover Court 3234
981,coquimbo,Willow Avenue 3098
982,coquimbo,Essex Court 1606
983,punta arenas,King Street 2216
984,san joaquin,Monroe Street 4223
985,providencia,Nataniel Cox 2370
986,la serena,Windsor Drive 369
987,la serena,Willow Avenue 1175
988,buin,Maiden Lane 4101
989,la ligua,Orchard Avenue 2596
990,santiago,Willow Avenue 1409
991,punta arenas,Ignacio Carrera Pinto altura 661
992,providencia,Franklin Avenue 306
993,la ligua,Heather Lane 4128
994,arica,Williams Street 3944
995,coquimbo,Fairway Drive 1802
996,arica,Heather Lane 2219
997,santiago,Rose Street 1877
998,la ligua,Main Street 2199
999,valparaiso,Route 1 2187
1000,punta arenas,Atlantic Avenue 2974
1001,san joaquin,Cedar Avenue 2582
1002,providencia,Essex Court 1146
1003,coquimbo,Route 1 494
1004,valparaiso,Crescent Street 3591
1005,coquimbo,Fairway Drive 150
1006,punta arenas,Grand Avenue 3499
1007,valparaiso,Avda. Laguna Sur 7297
1008,valparaiso,Andover Court 4195
1009,santiago,Compañía de Jesús N°1625
1010,la serena,Broad Street 3922
1011,santiago,Front Street North 3262
1012,coquimbo,Heather Lane 4899
1013,arica,Clay Street 4445
1014,providencia,Essex Court 3964
1015,valparaiso,Av. Manuel Antonio Matta 1704
1016,arica,Av. Macul 6309
1017,punta arenas,Orchard Avenue 3645
1018,coquimbo,Williams Street 1075
1019,providencia,Franklin Court 1506
1020,providencia,Andover Court 4130
1021,santiago,Willow Avenue 1302
1022,la ligua,Charles Street 4581
1023,buin,Willow Avenue 2919
1024,santiago,Woodland Drive 4567
1025,buin,Warren Avenue 2906
1026,punta arenas,Essex Court 3042
1027,buin,Rose Street 924
1028,la ligua,Briarwood Drive 1977
1029,la ligua,Country Club Road 4802
1030,providencia,Front Street North 2761
1031,arica,Front Street North 1593
1032,providencia,Windsor Drive 3637
1033,la ligua,Williams Street 2504
1034,santiago,King Street 2579
1035,arica,Franklin Avenue 1555
1036,la ligua,Country Club Road 1435
1037,santiago,Route 1 4389
1038,valparaiso,Pleasant Street 807
1039,san joaquin,Andover Court 3456
1040,providencia,Laurel Drive 2803
1041,arica,Willow Avenue 4071
1042,santiago,King Street 4035
1043,punta arenas,Pleasant Street 3890
1044,punta arenas,White Street 1153
1045,valparaiso,Cedar Lane 4827
1046,santiago,Linden Avenue 2370
1047,arica,Atlantic Avenue 4346
1048,buin,Linden Avenue 264
1049,la ligua,Laurel Drive 4110
1050,valparaiso,Main Street 2473
1051,punta arenas,Avda. Americo Vespucio 1775
1052,arica,Av. Einstein 601
1053,buin,Route 1 474
1054,buin,Essex Court 565
1055,arica,Olive Street 3159
1056,punta arenas,Linden Avenue 928
1057,la ligua,Pleasant Street 141
1058,san joaquin,Linden Avenue 3864
1059,buin,Pleasant Street 1866
1060,punta arenas,Av. Tobalaba 117
1061,buin,River Street 1261
1062,valparaiso,Fairway Drive 3306
1063,la ligua,Laurel Lane 782
1064,coquimbo,Country Club Road 2692
1065,buin,Hanover Court 330
1066,arica,Ann Street 2086
1067,valparaiso,Front Street North 361
1068,punta arenas,Briarwood Drive 1206
1069,buin,Ann Street 3644
1070,coquimbo,Front Street North 3479
1071,san joaquin,Devon Court 1277
1072,santiago,King Street 4660
1073,valparaiso,Francisco Bilbao 084
1074,buin,Warren Avenue 4898
1075,valparaiso,Monroe Street 1071
1076,arica,Route 1 3510
1077,la serena,Franklin Court 3640
1078,punta arenas,Andover Court 649
1079,providencia,Av. Providencia 1337
1080,valparaiso,Laurel Drive 1156
1081,valparaiso,Highland Drive 1213
1082,valparaiso,River Street 2176
1083,valparaiso,Woodland Drive 2729
1084,valparaiso,Maiden Lane 3379
1085,valparaiso,Andover Court 4646
1086,buin,Clay Street 2044
1087,valparaiso,Andover Court 4184
1088,arica,Route 1 3950
1089,valparaiso,Warren Avenue 3568
1090,la ligua,Fairway Drive 621
1091,arica,Atlantic Avenue 673
1092,san joaquin,John Street 4343
1093,coquimbo,Briarwood Drive 4938
1094,san joaquin,Grand Avenue 3479
1095,buin,Front Street North 4989
1096,buin,Warren Avenue 213
1097,arica,Av. Vicuña Mackenna 2601
